{
    "num_nos": 50,
    "num_arestas": 42,
    "num_arcos": 87,
    "num_nos_requeridos": 46,
    "num_arestas_requeridas": 21,
    "num_arcos_requeridos": 43,
    "densidade": 0.03510204081632653,
    "componentes_conectados": 1,
    "grau_minimo": 2,
    "grau_maximo": 8,
    "centralidade_intermediacao": {
        "1": 0,
        "2": 12,
        "3": 92,
        "4": 2,
        "5": 0,
        "6": 94,
        "7": 104,
        "8": 78,
        "9": 250,
        "10": 4,
        "11": 603,
        "12": 621,
        "13": 802,
        "14": 757,
        "15": 839,
        "16": 162,
        "17": 8,
        "18": 330,
        "19": 587,
        "20": 6,
        "21": 111,
        "22": 0,
        "23": 411,
        "24": 88,
        "25": 65,
        "26": 585,
        "27": 197,
        "28": 76,
        "29": 48,
        "30": 671,
        "31": 403,
        "32": 187,
        "33": 142,
        "34": 666,
        "35": 173,
        "36": 300,
        "37": 415,
        "38": 30,
        "39": 0,
        "40": 358,
        "41": 213,
        "42": 135,
        "43": 228,
        "44": 123,
        "45": 93,
        "46": 0,
        "47": 91,
        "48": 24,
        "49": 64,
        "50": 47
    },
    "comprimento_medio_caminho": 12.721632653061224,
    "diametro": 41,
    "nome": "",
    "deposito": 1,
    "veiculos": 10,
    "capacidade": 75,
    "valor_otimo": -1.0
}